landing,boat,ttype,days,dep,deptime,ret,rettime,cap,cap_source,spots,price,src
FL,Islander,3 Day Limited Load (No Passports),3.0,2026-09-20,11:00 AM,2026-09-23,6:00 AM,26,listed,1,$1604.25,page1
FL,Constitution,2 Day Limited Load,2.0,2026-09-20,11:00 AM,2026-09-22,6:00 AM,21,listed,Full,$931.50,page1
FL,Tomahawk,2 Day,2.0,2026-09-20,11:00 AM,2026-09-22,6:00 AM,28,listed,10,$771.08,page1
FL,Pacific Queen,3.5 Day,3.5,2026-09-20,5:00 PM,2026-09-24,6:00 AM,33,boat-max,Chartered,,page1
FL,Pegasus,1.5 Day Limited Load,1.5,2026-09-20,6:00 PM,2026-09-22,6:00 AM,18,listed,Full,$672.75,page1
FL,Fortune,2 Day Limited Load,2.0,2026-09-21,10:00 AM,2026-09-23,6:00 AM,18,listed,16,$828,page1
FL,Liberty,2 Day Limited Load,2.0,2026-09-21,11:00 AM,2026-09-23,6:00 AM,26,listed,Full,$926.33,page1
FL,Poseidon,3 Day (No Passports),3.0,2026-09-21,11:00 AM,2026-09-24,6:00 AM,25,listed,25,$1267.88,page1
FL,Constitution,2 Day Limited Load,2.0,2026-09-22,11:00 AM,2026-09-24,6:00 AM,21,listed,19,$931.50,page1
FL,Tomahawk,2.5 Day Limited Load,2.5,2026-09-22,6:00 PM,2026-09-25,6:00 AM,25,listed,10,$1086.75,page1
FL,Pegasus,1.5 Day Limited Load,1.5,2026-09-22,6:00 PM,2026-09-24,6:00 AM,18,listed,14,$672.75,page1
FL,Islander,2 Day Limited Load,2.0,2026-09-23,10:00 AM,2026-09-25,6:00 AM,28,boat-max,Chartered,,page1
FL,Fortune,2 Day Limited Load,2.0,2026-09-23,10:00 AM,2026-09-25,6:00 AM,18,listed,18,$828,page1
FL,Liberty,2 Day Limited Load,2.0,2026-09-23,11:00 AM,2026-09-25,6:00 AM,26,listed,22,$926.33,page1
FL,Pacific Dawn,1.5 Day Limited Load,1.5,2026-09-23,7:00 PM,2026-09-25,6:00 AM,18,listed,6,$672.75,page1
FL,Constitution,3 Day Limited Load (No Passports),3.0,2026-09-24,11:00 AM,2026-09-27,6:00 AM,21,listed,13,$1371.38,page1
FL,Pacific Queen,1.5 Day,1.5,2026-09-24,6:00 PM,2026-09-26,6:00 AM,33,boat-max,Chartered,,page1
FL,Poseidon,2.5 Day,2.5,2026-09-24,7:00 PM,2026-09-27,6:00 AM,25,boat-max,Chartered,,page1
FL,Liberty,2 Day,2.0,2026-09-25,10:00 AM,2026-09-27,6:00 AM,26,boat-max,Chartered,,page1
FL,Tomahawk,2 Day,2.0,2026-09-25,11:00 AM,2026-09-27,6:00 AM,29,boat-max,Chartered,,page1
FL,Pacific Dawn,2.5 Day Limited Load,2.5,2026-09-25,5:00 PM,2026-09-28,6:00 AM,16,listed,14,$1242,page1
FL,Pegasus,2.5 Day,2.5,2026-09-25,6:00 PM,2026-09-28,6:00 AM,18,boat-max,Chartered,,page1
FL,Islander,1.5 Day,1.5,2026-09-25,7:00 PM,2026-09-27,7:00 AM,28,boat-max,Chartered,,page1
FL,Pacific Queen,2 Day,2.0,2026-09-26,10:00 AM,2026-09-28,6:00 AM,29,listed,Full,$1035,page1
FL,Fortune,2 Day,2.0,2026-09-27,10:00 AM,2026-09-29,6:00 AM,21,boat-max,Chartered,,page2
FL,Islander,3 Day Limited Load (No Passports),3.0,2026-09-27,11:00 AM,2026-09-30,7:00 AM,28,listed,7,$1604.25,page2
FL,Liberty,2 Day Limited Load,2.0,2026-09-27,11:00 AM,2026-09-29,6:00 AM,26,listed,14,$926.33,page2
FL,Constitution,2 Day Limited Load,2.0,2026-09-27,11:00 AM,2026-09-29,6:00 AM,21,listed,19,$931.50,page2
FL,Poseidon,1.5 Day,1.5,2026-09-27,7:00 PM,2026-09-29,6:00 AM,25,boat-max,Chartered,,page2
FL,Pacific Queen,3 Day Limited Load,3.0,2026-09-28,10:00 AM,2026-10-01,6:00 AM,24,listed,Full,$1656,page2
FL,Tomahawk,2 Day Limited Load,2.0,2026-09-28,11:00 AM,2026-09-30,6:00 AM,29,boat-max,Chartered,,page2
FL,Pacific Dawn,2.5 Day Limited Load,2.5,2026-09-28,5:00 PM,2026-10-01,6:00 AM,16,listed,16,$1242,page2
FL,Pegasus,1.5 Day Limited Load,1.5,2026-09-28,6:00 PM,2026-09-30,6:00 AM,18,listed,18,$672.75,page2
FL,Fortune,2 Day Limited Load,2.0,2026-09-29,10:00 AM,2026-10-01,6:00 AM,18,listed,18,$828,page2
FL,Liberty,2 Day Limited Load,2.0,2026-09-29,11:00 AM,2026-10-01,6:00 AM,26,listed,26,$926.33,page2
FL,Poseidon,3 Day,3.0,2026-09-29,11:00 AM,2026-10-02,6:00 AM,25,boat-max,Chartered,,page2
FL,Islander,4 Day (No Passports),4.0,2026-09-30,11:00 AM,2026-10-04,7:00 AM,28,boat-max,Chartered,,page2
FL,Tomahawk,3 Day Limited Load,3.0,2026-09-30,11:00 AM,2026-10-03,6:00 AM,24,listed,11,$1449,page2
FL,Pacific Queen,3 Day Limited Load (No Passports),3.0,2026-10-01,10:00 AM,2026-10-04,6:00 AM,33,boat-max,Chartered,,page2
FL,Pacific Dawn,3 Day,3.0,2026-10-01,10:00 AM,2026-10-04,6:00 AM,18,boat-max,Chartered,,page2
FL,Liberty,2.5 Day,2.5,2026-10-01,6:00 PM,2026-10-04,6:00 AM,24,listed,11,$1190.25,page2
FL,Fortune,2 Day Limited Load,2.0,2026-10-02,10:00 AM,2026-10-04,6:00 AM,18,listed,7,$828,page2
FL,Pegasus,1.5 Day,1.5,2026-10-02,6:00 PM,2026-10-04,6:00 AM,18,boat-max,Chartered,,page2
FL,Constitution,2.5 Day,2.5,2026-10-02,7:00 PM,2026-10-05,6:00 AM,21,boat-max,Chartered,,page2
FL,Poseidon,2.5 Day,2.5,2026-10-02,7:00 PM,2026-10-05,6:00 AM,25,boat-max,Chartered,,page2
FL,Tomahawk,1.5 Day,1.5,2026-10-03,6:00 PM,2026-10-05,6:00 AM,29,listed,1,$569.25,page3
FL,Pacific Queen,3 Day,3.0,2026-10-04,10:00 AM,2026-10-07,6:00 AM,33,boat-max,Chartered,,page3
FL,Pacific Dawn,2.5 Day Limited Load,2.5,2026-10-04,5:00 PM,2026-10-07,6:00 AM,16,listed,16,$1242,page3
FL,Fortune,1.5 Day,1.5,2026-10-04,6:00 PM,2026-10-06,6:00 AM,21,listed,21,$672.75,page3
FL,Islander,2 Day Limited Load,2.0,2026-10-05,11:00 AM,2026-10-07,7:00 AM,28,boat-max,Chartered,,page3
FL,Constitution,2 Day Limited Load,2.0,2026-10-05,11:00 AM,2026-10-07,6:00 AM,21,listed,15,$931.50,page3
FL,Tomahawk,3 Day Limited Load (No Passports),3.0,2026-10-05,11:00 AM,2026-10-08,6:00 AM,24,listed,14,$1449,page3
FL,Poseidon,2.5 Day,2.5,2026-10-05,7:00 PM,2026-10-08,6:00 AM,25,listed,Full,$967.73,page3
FL,Pegasus,2.5 Day,2.5,2026-10-06,6:00 PM,2026-10-09,6:00 AM,18,boat-max,Chartered,,page3
FL,Fortune,1.5 Day,1.5,2026-10-06,6:00 PM,2026-10-08,6:00 AM,21,listed,20,$672.75,page3
FL,Liberty,2 Day Limited Load,2.0,2026-10-07,11:00 AM,2026-10-09,6:00 AM,26,listed,26,$926.33,page3
FL,Pacific Queen,3.5 Day,3.5,2026-10-07,5:00 PM,2026-10-11,7:00 AM,33,boat-max,Chartered,,page3
FL,Pacific Dawn,1.5 Day Limited Load,1.5,2026-10-07,7:00 PM,2026-10-09,6:00 AM,17,listed,17,$672.75,page3
FL,Fortune,2.5 Day,2.5,2026-10-08,6:00 PM,2026-10-11,6:00 AM,21,boat-max,Chartered,,page3
FL,Poseidon,2.5 Day,2.5,2026-10-08,7:00 PM,2026-10-11,6:00 AM,25,boat-max,Chartered,,page3
FL,Islander,3.5 Day,3.5,2026-10-08,7:00 PM,2026-10-12,7:00 AM,28,boat-max,Chartered,,page3
FL,Constitution,1.5 Day Limited Load,1.5,2026-10-08,7:00 PM,2026-10-10,6:00 AM,21,boat-max,Chartered,,page3
FL,Pegasus,3 Day,3.0,2026-10-09,10:00 AM,2026-10-12,6:00 AM,18,boat-max,Chartered,,page3
FL,Liberty,2.5 Day,2.5,2026-10-09,6:00 PM,2026-10-12,6:00 AM,26,boat-max,Chartered,,page3
FL,Pacific Dawn,2.5 Day Limited Load,2.5,2026-10-09,6:00 PM,2026-10-12,6:00 AM,16,listed,Full,$1242,page3
FL,Tomahawk,1.5 Day,1.5,2026-10-09,7:00 PM,2026-10-11,6:00 AM,29,boat-max,Chartered,,page3
FL,Pacific Queen,3 Day,3.0,2026-10-11,10:00 AM,2026-10-14,7:00 AM,33,boat-max,Chartered,,page4
FL,Constitution,2 Day Limited Load,2.0,2026-10-11,11:00 AM,2026-10-13,6:00 AM,21,listed,11,$931.50,page4
FL,Fortune,2 Day,2.0,2026-10-11,11:00 AM,2026-10-13,6:00 AM,21,boat-max,Chartered,,page4
FL,Tomahawk,2.5 Day Limited Load,2.5,2026-10-11,6:00 PM,2026-10-14,6:00 AM,25,listed,18,$1086.75,page4
FL,Islander,3 Day Limited Load (No Passports),3.0,2026-10-12,11:00 AM,2026-10-15,7:00 AM,26,listed,11,$1604.25,page4
FL,Liberty,2 Day Limited Load,2.0,2026-10-12,11:00 AM,2026-10-14,6:00 AM,26,listed,26,$926.33,page4
FL,Pacific Dawn,2.5 Day Limited Load,2.5,2026-10-12,6:00 PM,2026-10-15,6:00 AM,16,listed,15,$1242,page4
FL,Fortune,3 Day Limited Load,3.0,2026-10-13,10:00 AM,2026-10-16,6:00 AM,21,boat-max,Chartered,,page4
FL,Pacific Queen,2 Day,2.0,2026-10-14,10:00 AM,2026-10-16,6:00 AM,33,boat-max,Chartered,,page4
FL,Constitution,4 Day,4.0,2026-10-14,10:00 AM,2026-10-18,6:00 AM,21,boat-max,Chartered,,page4
FL,Tomahawk,2 Day,2.0,2026-10-14,11:00 AM,2026-10-16,6:00 AM,28,listed,28,$771.08,page4
FL,Pacific Queen,3 Day Limited Load,3.0,2026-10-16,10:00 AM,2026-10-19,6:00 AM,33,boat-max,Chartered,,page4
FL,Liberty,2 Day,2.0,2026-10-16,10:00 AM,2026-10-18,6:00 AM,26,boat-max,Chartered,,page4
FL,Pacific Dawn,2 Day Limited Load,2.0,2026-10-16,10:00 AM,2026-10-18,6:00 AM,18,boat-max,Chartered,,page4
FL,Tomahawk,2 Day,2.0,2026-10-16,11:00 AM,2026-10-18,6:00 AM,28,listed,2,$771.08,page4
FL,Islander,1.5 Day Limited Load,1.5,2026-10-16,6:00 PM,2026-10-18,6:00 AM,28,boat-max,Chartered,,page4
FL,Pegasus,2.5 Day,2.5,2026-10-16,6:00 PM,2026-10-19,6:00 AM,18,boat-max,Chartered,,page4
FL,Islander,4 Day (No Passports),4.0,2026-10-18,11:00 AM,2026-10-22,7:00 AM,24,listed,15,$1966.50,page4
FL,Tomahawk,3 Day Limited Load,3.0,2026-10-18,11:00 AM,2026-10-21,6:00 AM,24,listed,24,$1449,page4
FL,Fortune,3 Day Limited Load (No Passports),3.0,2026-10-18,11:00 AM,2026-10-21,6:00 AM,21,boat-max,Chartered,,page4
FL,Liberty,2 Day,2.0,2026-10-18,11:00 AM,2026-10-20,10:00 AM,26,boat-max,Chartered,,page4
FL,Pacific Dawn,1.5 Day Limited Load,1.5,2026-10-18,6:00 PM,2026-10-20,6:00 AM,17,listed,17,$672.75,page4
FL,Pacific Queen,3 Day Limited Load,3.0,2026-10-19,10:00 AM,2026-10-22,6:00 AM,24,listed,9,$1656,page4
FL,Constitution,2 Day Limited Load,2.0,2026-10-19,11:00 AM,2026-10-21,6:00 AM,21,listed,21,$931.50,page4
FL,Liberty,2 Day Limited Load,2.0,2026-10-20,11:00 AM,2026-10-22,6:00 AM,26,listed,26,$926.33,page5
FL,Pacific Dawn,2.5 Day Limited Load,2.5,2026-10-20,6:00 PM,2026-10-23,6:00 AM,16,listed,15,$1242,page5
FL,Constitution,2 Day Limited Load,2.0,2026-10-21,11:00 AM,2026-10-23,6:00 AM,21,listed,21,$931.50,page5
FL,Tomahawk,2 Day Limited Load,2.0,2026-10-21,6:00 PM,2026-10-23,6:00 AM,25,listed,25,$771.08,page5
FL,Fortune,2.5 Day,2.5,2026-10-21,6:00 PM,2026-10-24,6:00 AM,21,boat-max,Chartered,,page5
FL,Pacific Queen,3 Day,3.0,2026-10-22,10:00 AM,2026-10-25,6:00 AM,33,boat-max,Chartered,,page5
FL,Liberty,2 Day Limited Load,2.0,2026-10-23,10:00 AM,2026-10-25,6:00 AM,26,listed,22,$926.33,page5
FL,Islander,3 Day (No Passports),3.0,2026-10-23,11:00 AM,2026-10-26,7:00 AM,26,listed,16,$1397.25,page5
FL,Constitution,2 Day,2.0,2026-10-23,11:00 AM,2026-10-25,6:00 AM,21,boat-max,Chartered,,page5
FL,Tomahawk,2 Day,2.0,2026-10-23,11:00 AM,2026-10-25,6:00 AM,29,boat-max,Chartered,,page5
FL,Pacific Dawn,1.5 Day,1.5,2026-10-23,6:00 PM,2026-10-25,6:00 AM,18,boat-max,Chartered,,page5
FL,Pacific Queen,3 Day Limited Load,3.0,2026-10-25,10:00 AM,2026-10-28,6:00 AM,24,listed,9,$1656,page5
FL,Tomahawk,2 Day,2.0,2026-10-25,11:00 AM,2026-10-27,6:00 AM,28,listed,28,$771.08,page5
FL,Liberty,2 Day Limited Load,2.0,2026-10-25,11:00 AM,2026-10-27,6:00 AM,26,listed,26,$926.33,page5
FL,Pacific Dawn,2.5 Day Limited Load,2.5,2026-10-25,6:00 PM,2026-10-28,6:00 AM,16,listed,16,$1242,page5
FL,Fortune,2 Day Limited Load,2.0,2026-10-26,10:00 AM,2026-10-28,6:00 AM,18,listed,18,$828,page5
FL,Constitution,3 Day Limited Load (No Passports),3.0,2026-10-26,11:00 AM,2026-10-29,6:00 AM,21,listed,10,$1371.38,page5
FL,Islander,2.5 Day Limited Load,2.5,2026-10-26,6:00 PM,2026-10-29,6:00 AM,26,listed,26,$1293.75,page5
FL,Liberty,2 Day Limited Load,2.0,2026-10-27,11:00 AM,2026-10-29,6:00 AM,26,listed,26,$926.33,page5
FL,Tomahawk,2.5 Day Limited Load,2.5,2026-10-27,6:00 PM,2026-10-30,6:00 AM,25,listed,24,$1086.75,page5
FL,Pacific Queen,2 Day Limited Load,2.0,2026-10-28,10:00 AM,2026-10-30,6:00 AM,29,listed,24,$1035,page5
FL,Fortune,2 Day Limited Load,2.0,2026-10-28,10:00 AM,2026-10-30,6:00 AM,18,listed,18,$828,page5
FL,Pacific Dawn,2 Day Limited Load,2.0,2026-10-28,10:00 AM,2026-10-30,6:00 AM,17,listed,17,$931.50,page5
FL,Islander,3 Day (No Passports),3.0,2026-10-29,11:00 AM,2026-11-01,7:00 AM,26,listed,24,$1397.25,page5
FL,Liberty,2 Day Limited Load,2.0,2026-10-29,11:00 AM,2026-10-31,6:00 AM,26,listed,26,$926.33,page5
FL,Pacific Queen,2 Day Limited Load,2.0,2026-10-30,10:00 AM,2026-11-01,6:00 AM,29,listed,Full,$1035,page6
FL,Fortune,3 Day (No Passports),3.0,2026-10-30,10:00 AM,2026-11-02,6:00 AM,15,listed,15,$1500.75,page6
FL,Pacific Dawn,2.5 Day,2.5,2026-10-30,6:00 PM,2026-11-02,6:00 AM,18,boat-max,Chartered,,page6
FL,Pacific Queen,2 Day Limited Load,2.0,2026-11-01,10:00 AM,2026-11-03,6:00 AM,29,listed,23,$983.25,page6
FL,Tomahawk,3 Day Limited Load,3.0,2026-11-01,11:00 AM,2026-11-04,6:00 AM,24,listed,24,$1449,page6
FL,Pacific Queen,2 Day Limited Load,2.0,2026-11-03,10:00 AM,2026-11-05,6:00 AM,29,listed,29,$983.25,page6
FL,Islander,4 Day (No Passports),4.0,2026-11-03,11:00 AM,2026-11-07,7:00 AM,20,listed,20,$2277,page6
FL,Tomahawk,2 Day,2.0,2026-11-04,11:00 AM,2026-11-06,6:00 AM,28,listed,28,$771.08,page6
FL,Pacific Queen,2 Day,2.0,2026-11-05,10:00 AM,2026-11-07,7:00 AM,33,boat-max,Chartered,,page6
FL,Constitution,5 Day Limited Load,5.0,2026-11-06,9:00 AM,2026-11-11,6:00 AM,16,listed,1,$1863,page6
FL,Tomahawk,3 Day Limited Load,3.0,2026-11-06,11:00 AM,2026-11-09,6:00 AM,24,listed,24,$1449,page6
FL,Islander,3.5 Day Offshore,3.5,2026-11-06,7:00 PM,2026-11-10,7:00 AM,24,listed,22,$1785.38,page6
FL,Pacific Queen,2 Day Limited Load,2.0,2026-11-08,10:00 AM,2026-11-10,6:00 AM,29,listed,29,$983.25,page6
FL,Tomahawk,2 Day,2.0,2026-11-09,11:00 AM,2026-11-11,6:00 AM,28,listed,28,$771.08,page6
FL,Pacific Queen,2 Day Limited Load,2.0,2026-11-10,10:00 AM,2026-11-12,6:00 AM,29,listed,29,$931.50,page6
FL,Islander,3 Day (No Passports),3.0,2026-11-10,11:00 AM,2026-11-13,7:00 AM,24,listed,24,$1474.88,page6
FL,Tomahawk,2 Day,2.0,2026-11-11,11:00 AM,2026-11-13,6:00 AM,28,listed,28,$771.08,page6
FL,Pacific Queen,3 Day Limited Load,3.0,2026-11-12,10:00 AM,2026-11-15,6:00 AM,24,listed,12,$1500.75,page6
FL,Constitution,5 Day Limited Load,5.0,2026-11-13,9:00 AM,2026-11-18,6:00 AM,16,listed,Full,$1863,page6
FL,Islander,4 Day Limited Load,4.0,2026-11-13,11:00 AM,2026-11-16,7:00 AM,24,listed,24,$2356.70,page6
FL,Tomahawk,2.5 Day Limited Load,2.5,2026-11-13,6:00 PM,2026-11-16,6:00 AM,25,listed,25,$1086.75,page6
FL,Pacific Queen,2 Day Limited Load,2.0,2026-11-15,10:00 AM,2026-11-17,6:00 AM,29,listed,29,$879.75,page6
FL,Islander,3 Day (No Passports),3.0,2026-11-16,11:00 AM,2026-11-20,7:00 AM,24,listed,24,$2356.70,page6
FL,Pacific Queen,2 Day Limited Load,2.0,2026-11-17,10:00 AM,2026-11-19,6:00 AM,29,listed,29,$879.75,page6
FL,Pacific Queen,3 Day Limited Load,3.0,2026-11-19,10:00 AM,2026-11-22,6:00 AM,24,listed,21,$1500.75,page6
FL,Constitution,5 Day Limited Load,5.0,2026-11-20,9:00 AM,2026-11-25,6:00 AM,16,listed,3,$1863,page6
FL,Islander,3.5 Day Limited Load Offshore,3.5,2026-11-20,5:00 PM,2026-11-24,6:00 AM,20,listed,20,$2070,page6
FL,Pacific Queen,3 Day Limited Load,3.0,2026-11-22,10:00 AM,2026-11-25,6:00 AM,24,listed,21,$1500.75,page6
FL,Constitution,5 Day Limited Load,5.0,2026-11-27,9:00 AM,2026-12-02,6:00 AM,16,listed,16,$1863,page6
FL,Constitution,5 Day Limited Load,5.0,2026-12-04,9:00 AM,2026-12-09,6:00 AM,16,listed,14,$1863,page6
FL,Constitution,5 Day Limited Load,5.0,2026-12-11,9:00 AM,2026-12-16,6:00 AM,16,listed,16,$1863,page7
FL,Constitution,5 Day Limited Load,5.0,2026-12-18,9:00 AM,2026-12-23,6:00 AM,16,listed,16,$1863,page7
FL,Constitution,5 Day Limited Load,5.0,2026-12-26,9:00 AM,2026-12-31,6:00 AM,16,listed,16,$1863,page7
FL,Pacific Queen,1.5 Day Baja Coast,1.5,2027-01-01,6:00 PM,2027-01-03,6:00 AM,33,listed,33,$569.25,page7
FL,Pacific Queen,1.5 Day Baja Coast,1.5,2027-01-08,5:00 PM,2027-01-10,6:00 AM,33,boat-max,Chartered,,page7
FL,Pacific Queen,1.5 Day Baja Coast,1.5,2027-01-15,6:00 PM,2027-01-17,6:00 AM,33,listed,33,$569.25,page7
FL,Pacific Queen,1.5 Day Baja Coast,1.5,2027-01-22,6:00 PM,2027-01-24,6:00 AM,33,listed,33,$569.25,page7
FL,Pacific Queen,1.5 Day Baja Coast,1.5,2027-01-29,6:00 PM,2027-01-31,6:00 AM,33,listed,33,$569.25,page7
FL,Pacific Queen,1.5 Day Baja Coast,1.5,2027-02-05,6:00 PM,2027-02-07,6:00 AM,33,listed,33,$569.25,page7
FL,Pacific Queen,1.5 Day Baja Coast,1.5,2027-02-12,6:00 PM,2027-02-14,6:00 AM,33,listed,33,$569.25,page7
FL,Pacific Queen,1.5 Day Baja Coast,1.5,2027-02-19,6:00 PM,2027-02-21,6:00 AM,33,listed,33,$569.25,page7
FL,Pacific Queen,1.5 Day Baja Coast,1.5,2027-02-26,6:00 PM,2027-02-28,6:00 AM,33,listed,31,$569.25,page7
FL,Pacific Queen,2 Day (No Passports),2.0,2027-04-02,9:00 AM,2027-04-04,6:00 AM,29,listed,29,$879.75,page7
FL,Pacific Queen,2 Day (No Passports),2.0,2027-04-04,9:00 AM,2027-04-06,6:00 AM,29,listed,29,$879.75,page7
FL,Pacific Queen,2 Day (No Passports),2.0,2027-04-07,9:00 AM,2027-04-09,6:00 AM,29,listed,29,$879.75,page7
FL,Pacific Queen,2 Day (No Passports),2.0,2027-04-09,9:00 AM,2027-04-11,6:00 AM,29,listed,29,$879.75,page7
FL,Pacific Queen,2 Day (No Passports),2.0,2027-04-11,9:00 AM,2027-04-13,6:00 AM,29,listed,29,$879.75,page7
FL,Pacific Queen,2 Day (No Passports),2.0,2027-04-14,9:00 AM,2027-04-16,8:00 AM,29,listed,29,$879.75,page7
FL,Pacific Queen,2 Day (No Passports),2.0,2027-04-16,9:00 AM,2027-04-18,6:00 AM,29,listed,29,$879.75,page7
FL,Pacific Queen,2 Day (No Passports),2.0,2027-04-18,9:00 AM,2027-04-20,6:00 AM,29,listed,29,$879.75,page7
FL,Pacific Queen,2 Day (No Passports),2.0,2027-04-20,9:00 AM,2027-04-22,6:00 AM,29,listed,29,$879.75,page7
FL,Pacific Queen,3 Day,3.0,2027-04-22,9:00 AM,2027-04-25,6:00 AM,33,boat-max,Chartered,,page7
FL,Pacific Queen,3 Day,3.0,2027-04-25,9:00 AM,2027-04-28,6:00 AM,24,listed,24,$1397.25,page7
FL,Pacific Queen,2 Day (No Passports),2.0,2027-04-28,9:00 AM,2027-04-30,6:00 AM,29,listed,29,$879.75,page7
FL,Pacific Queen,3 Day,3.0,2027-04-30,9:00 AM,2027-05-03,6:00 AM,33,boat-max,Chartered,,page7
FL,Pacific Queen,3 Day Limited Load,3.0,2027-05-03,9:00 AM,2027-05-06,6:00 AM,24,listed,21,$1449,page7
FL,Pacific Queen,3 Day,3.0,2027-05-06,10:00 AM,2027-05-09,6:00 AM,33,boat-max,Chartered,,page8
FL,Pacific Queen,3 Day,3.0,2027-05-09,10:00 AM,2027-05-12,6:00 AM,33,boat-max,Chartered,,page8
FL,Pacific Queen,3.5 Day,3.5,2027-05-12,5:00 PM,2027-05-16,6:00 AM,33,boat-max,Chartered,,page8
FL,Pacific Queen,2 Day Limited Load,2.0,2027-05-16,9:00 AM,2027-05-18,6:00 AM,29,listed,29,$983.25,page8
FL,Pacific Queen,2 Day Limited Load,2.0,2027-05-18,9:00 AM,2027-05-20,6:00 AM,29,listed,29,$983.25,page8
FL,Pacific Queen,3 Day Limited Load,3.0,2027-05-20,9:00 AM,2027-05-23,6:00 AM,24,listed,22,$1552.50,page8
FL,Pacific Queen,2 Day Limited Load,2.0,2027-05-23,9:00 AM,2027-05-25,6:00 AM,29,listed,29,$983.25,page8
FL,Pacific Queen,2 Day Limited Load,2.0,2027-05-25,9:00 AM,2027-05-27,6:00 AM,29,listed,29,$983.25,page8
FL,Pacific Queen,2 Day Limited Load,2.0,2027-05-27,9:00 AM,2027-05-29,6:00 AM,29,listed,29,$983.25,page8
FL,Pacific Queen,2 Day Limited Load,2.0,2027-05-29,9:00 AM,2027-05-31,6:00 AM,29,listed,20,$983.25,page8
FL,Pacific Queen,3 Day Limited Load,3.0,2027-05-31,9:00 AM,2027-06-03,6:00 AM,24,listed,22,$1552.50,page8
FL,Pacific Queen,3 Day,3.0,2027-06-03,9:00 AM,2027-06-06,6:00 AM,33,boat-max,Chartered,,page8
FL,Pacific Queen,3 Day,3.0,2027-06-06,9:00 AM,2027-06-09,6:00 AM,24,listed,22,$1552.50,page8
FL,Pacific Queen,3.5 Day,3.5,2027-06-09,5:00 PM,2027-06-13,6:00 AM,33,boat-max,Chartered,,page9
FL,Pacific Queen,3 Day,3.0,2027-06-13,9:00 AM,2027-06-16,6:00 AM,24,listed,24,$1604.25,page9
FL,Pegasus,3 Day,3.0,2027-06-13,10:00 AM,2027-06-16,6:00 AM,18,boat-max,Chartered,,page9
FL,Pacific Queen,2 Day Limited Load,2.0,2027-06-16,9:00 AM,2027-06-18,6:00 AM,29,listed,29,$1035,page9
FL,Pacific Queen,2 Day Limited Load,2.0,2027-06-18,9:00 AM,2027-06-20,6:00 AM,33,boat-max,Chartered,,page9
FL,Pacific Queen,3 Day,3.0,2027-06-20,9:00 AM,2027-06-23,6:00 AM,24,listed,24,$1604.25,page9
FL,Pacific Queen,1.5 Day,1.5,2027-06-23,6:00 PM,2027-06-25,6:00 AM,33,boat-max,Chartered,,page9
FL,Pacific Queen,3 Day Limited Load,3.0,2027-06-25,9:00 AM,2027-06-28,6:00 AM,33,boat-max,Chartered,,page9
FL,Pegasus,2 Day Limited Load,2.0,2027-06-25,10:00 AM,2027-06-27,6:00 AM,18,boat-max,Chartered,,page9
FL,Pacific Queen,2 Day (No Passports),2.0,2027-06-28,9:00 AM,2027-06-30,6:00 AM,29,listed,25,$1035,page9
FL,Pacific Queen,2 Day Limited Load,2.0,2027-06-30,9:00 AM,2027-07-02,6:00 AM,33,boat-max,Chartered,,page9
FL,Pacific Queen,2 Day Limited Load,2.0,2027-07-02,9:00 AM,2027-07-04,6:00 AM,33,boat-max,Chartered,,page9
FL,Pacific Queen,2 Day (No Passports),2.0,2027-07-04,9:00 AM,2027-07-06,6:00 AM,29,listed,29,$1035,page9
FL,Pacific Queen,3 Day,3.0,2027-07-06,9:00 AM,2027-07-09,6:00 AM,24,listed,4,$1656,page9
FL,Pegasus,3 Day,3.0,2027-07-08,10:00 AM,2027-07-11,7:00 AM,18,boat-max,Chartered,,page9
FL,Pacific Queen,3 Day,3.0,2027-07-09,9:00 AM,2027-07-12,6:00 AM,33,boat-max,Chartered,,page9
FL,Pegasus,1.5 Day,1.5,2027-07-11,6:00 PM,2027-07-13,6:00 AM,18,boat-max,Chartered,,page10
FL,Pacific Queen,2 Day (No Passports),2.0,2027-07-12,9:00 AM,2027-07-14,6:00 AM,29,listed,29,$1035,page10
FL,Pacific Queen,2 Day (No Passports),2.0,2027-07-14,9:00 AM,2027-07-16,6:00 AM,29,listed,27,$1035,page10
FL,Pacific Queen,2 Day,2.0,2027-07-16,9:00 AM,2027-07-18,7:00 AM,33,boat-max,Chartered,,page10
FL,Pegasus,2 Day,2.0,2027-07-16,10:00 AM,2027-07-18,6:00 AM,18,boat-max,Chartered,,page10
FL,Pacific Queen,3 Day Limited Load,3.0,2027-07-18,9:00 AM,2027-07-21,6:00 AM,26,listed,Full,$1604.25,page10
FL,Pacific Queen,2 Day (No Passports),2.0,2027-07-21,9:00 AM,2027-07-23,6:00 AM,29,listed,17,$1035,page10
FL,Pacific Queen,2 Day,2.0,2027-07-23,9:00 AM,2027-07-25,6:00 AM,33,boat-max,Chartered,,page10
FL,Pegasus,1.5 Day,1.5,2027-07-23,7:00 PM,2027-07-25,6:00 AM,18,boat-max,Chartered,,page10
FL,Pacific Queen,3 Day,3.0,2027-07-25,10:00 AM,2027-07-28,6:00 AM,33,boat-max,Chartered,,page10
FL,Pacific Queen,4 Day,4.0,2027-07-27,9:00 AM,2027-07-31,6:00 AM,33,boat-max,Chartered,,page10
FL,Pegasus,3 Day,3.0,2027-07-27,10:00 AM,2027-07-30,6:00 AM,18,boat-max,Chartered,,page10
FL,Pegasus,3 Day,3.0,2027-07-30,10:00 AM,2027-08-01,6:00 AM,18,boat-max,Chartered,,page10
FL,Pacific Queen,1.5 Day,1.5,2027-08-01,6:00 PM,2027-08-03,6:00 AM,33,boat-max,Chartered,,page10
FL,Constitution,4 Day,4.0,2027-08-03,11:00 AM,2027-08-07,6:00 AM,21,boat-max,Chartered,,page10
FL,Pacific Queen,3.5 Day,3.5,2027-08-03,6:00 PM,2027-08-07,6:00 AM,33,boat-max,Chartered,,page10
FL,Pacific Queen,3 Day,3.0,2027-08-07,9:00 AM,2027-08-10,6:00 AM,33,boat-max,Chartered,,page10
FL,Pacific Queen,2 Day,2.0,2027-08-10,9:00 AM,2027-08-12,6:00 AM,33,boat-max,Chartered,,page10
FL,Pegasus,3 Day,3.0,2027-08-13,10:00 AM,2027-08-16,6:00 AM,18,boat-max,Chartered,,page11
FL,Pacific Queen,1.5 Day,1.5,2027-08-13,7:00 PM,2027-08-15,6:00 AM,33,boat-max,Chartered,,page11
FL,Pacific Queen,3 Day,3.0,2027-08-15,9:00 AM,2027-08-18,6:00 AM,33,boat-max,Chartered,,page11
FL,Pacific Queen,3.5 Day,3.5,2027-08-19,5:00 PM,2027-08-23,6:00 AM,33,boat-max,Chartered,,page11
FL,Pegasus,2 Day,2.0,2027-08-20,10:00 AM,2027-08-22,6:00 AM,18,boat-max,Chartered,,page11
FL,Pacific Queen,3 Day,3.0,2027-08-23,9:00 AM,2027-08-26,6:00 AM,33,boat-max,Chartered,,page11
FL,Pacific Queen,3 Day,3.0,2027-08-26,9:00 AM,2027-08-29,6:00 AM,33,boat-max,Chartered,,page11
FL,Pegasus,3 Day,3.0,2027-08-26,10:00 AM,2027-08-29,6:00 AM,18,boat-max,Chartered,,page11
FL,Pacific Queen,3.5 Day,3.5,2027-08-29,6:00 PM,2027-09-02,6:00 AM,33,boat-max,Chartered,,page11
FL,Pacific Queen,3.5 Day,3.5,2027-09-02,7:00 PM,2027-09-06,6:00 AM,33,boat-max,Chartered,,page11
FL,Pegasus,2 Day,2.0,2027-09-05,10:00 AM,2027-09-07,6:00 AM,18,boat-max,Chartered,,page11
FL,Pacific Queen,3.5 Day,3.5,2027-09-06,5:00 PM,2027-09-10,6:00 AM,33,boat-max,Chartered,,page11
FL,Pacific Queen,3 Day,3.0,2027-09-10,9:00 AM,2027-09-13,6:00 AM,33,boat-max,Chartered,,page11
FL,Pacific Queen,3 Day,3.0,2027-09-13,9:00 AM,2027-09-16,6:00 AM,33,boat-max,Chartered,,page11
FL,Pacific Queen,3 Day,3.0,2027-09-16,9:00 AM,2027-09-19,6:00 AM,33,boat-max,Chartered,,page11
FL,Pacific Queen,3 Day,3.0,2027-09-19,9:00 AM,2027-09-22,6:00 AM,33,boat-max,Chartered,,page11
FL,Pacific Queen,4 Day,4.0,2027-09-22,9:00 AM,2027-09-26,6:00 AM,33,boat-max,Chartered,,page11
FL,Pegasus,1.5 Day Limited Load,1.5,2027-10-03,6:00 PM,2027-10-05,6:00 AM,18,boat-max,Chartered,,page11
SF,Tribute,1.5 Day Limited Load,1.5,2026-09-22,7:00 PM,2026-09-24,6:00 AM,30,listed,1,$555,page1
SF,Aztec,2.5 Day,2.5,2026-09-24,9:00 PM,2026-09-27,6:00 AM,26,listed,Full,"$1,050",page2
SF,Tribute,1.5 Day Limited Load,1.5,2026-09-27,7:00 PM,2026-09-29,6:00 AM,30,listed,13,$555,page2
SF,Pacifica,1.5 Day,1.5,2026-09-29,7:00 PM,2026-10-01,6:00 AM,28,listed,26,$555,page3
SF,Tribute,1.5 Day Limited Load,1.5,2026-09-30,7:00 PM,2026-10-02,6:00 AM,30,listed,18,$555,page3
SF,Aztec,2 Day Limited Load,2.0,2026-10-04,10:00 AM,2026-10-06,6:00 AM,26,listed,1,$900,page3
SF,Tribute,1.5 Day Limited Load,1.5,2026-10-04,7:00 PM,2026-10-06,6:00 AM,30,listed,19,$555,page4
SF,Cortez,1.5 Day Limited Load,1.5,2026-10-05,5:00 PM,2026-10-07,6:00 AM,17,listed,17,$555,page4
SF,Aztec,2 Day Limited Load,2.0,2026-10-06,10:00 AM,2026-10-08,6:00 AM,26,listed,23,$900,page4
SF,Pacifica,1.5 Day,1.5,2026-10-06,7:00 PM,2026-10-08,6:00 AM,28,listed,27,$555,page4
SF,Cortez,1.5 Day Limited Load,1.5,2026-10-07,5:00 PM,2026-10-09,6:00 AM,17,listed,9,$555,page4
SF,Tribute,1.5 Day,1.5,2026-10-09,8:00 PM,2026-10-11,6:00 AM,30,listed,Full,$555,page4
SF,Tribute,1.5 Day Limited Load,1.5,2026-10-11,7:00 PM,2026-10-13,6:00 AM,30,listed,24,$555,page5
SF,Cortez,1.5 Day Limited Load,1.5,2026-10-12,5:00 PM,2026-10-14,6:00 AM,17,listed,17,$555,page5
SF,Cortez,2 Day Limited Load,2.0,2026-10-14,10:00 AM,2026-10-16,6:00 AM,16,listed,14,$900,page5
SF,Tribute,1.5 Day Limited Load,1.5,2026-10-14,7:00 PM,2026-10-16,6:00 AM,30,listed,27,$555,page5
SF,Tribute,1.5 Day Limited Load,1.5,2026-10-16,7:00 PM,2026-10-18,6:00 AM,30,listed,Full,$555,page6
SF,Pacifica,2 Day,2.0,2026-10-18,10:00 AM,2026-10-20,6:00 AM,24,listed,22,$735,page6
SF,Tribute,1.5 Day Limited Load,1.5,2026-10-18,7:00 PM,2026-10-20,6:00 AM,30,listed,25,$555,page6
SF,Apollo,3 Day Limited Load,3.0,2026-10-19,10:00 AM,2026-10-22,6:00 AM,18,listed,8,"$1,500",page6
SF,Aztec,3 Day Limited Load,3.0,2026-10-19,10:00 AM,2026-10-22,6:00 AM,25,listed,20,"$1,200",page6
SF,Cortez,1.5 Day Limited Load,1.5,2026-10-20,5:00 PM,2026-10-22,6:00 AM,17,listed,16,$555,page7
SF,Tribute,1.5 Day Limited Load,1.5,2026-10-21,7:00 PM,2026-10-23,6:00 AM,30,listed,30,$555,page7
SF,Tribute,1.5 Day Limited Load,1.5,2026-10-23,7:00 PM,2026-10-25,6:00 AM,30,listed,22,$555,page7
SF,Tribute,1.5 Day Limited Load,1.5,2026-10-25,7:00 PM,2026-10-27,6:00 AM,30,listed,30,$555,page7
SF,Pacifica,1.5 Day,1.5,2026-10-25,7:00 PM,2026-10-27,6:00 AM,28,listed,28,$555,page7
SF,Pacifica,2 Day,2.0,2026-10-27,10:00 AM,2026-10-29,6:00 AM,24,listed,24,$735,page8
SF,Tribute,1.5 Day Limited Load,1.5,2026-10-28,7:00 PM,2026-10-30,6:00 AM,30,listed,30,$555,page8
SF,Aztec,2 Day Limited Load,2.0,2026-10-29,10:00 AM,2026-10-31,6:00 AM,26,listed,26,$900,page8
SF,Pacifica,1.5 Day,1.5,2026-10-29,7:00 PM,2026-10-31,6:00 AM,28,listed,28,$555,page8
SF,Tribute,1.5 Day Limited Load,1.5,2026-10-30,7:00 PM,2026-11-01,6:00 AM,30,listed,30,$555,page8
SF,Aztec,3 Day Limited Load,3.0,2026-11-01,10:00 AM,2026-11-04,6:00 AM,25,listed,24,"$1,200",page9
SF,Pacifica,1.5 Day,1.5,2026-11-01,7:00 PM,2026-11-03,6:00 AM,28,listed,28,$555,page9
SF,Tribute,1.5 Day Limited Load,1.5,2026-11-01,7:00 PM,2026-11-03,6:00 AM,30,listed,30,$555,page9
SF,Pacifica,1.5 Day,1.5,2026-11-03,7:00 PM,2026-11-05,6:00 AM,28,listed,28,$555,page9
SF,Tribute,1.5 Day Limited Load,1.5,2026-11-04,7:00 PM,2026-11-06,6:00 AM,30,listed,30,$555,page9
SF,Pacifica,2 Day,2.0,2026-11-06,10:00 AM,2026-11-08,6:00 AM,24,listed,21,$735,page9
SF,Tribute,1.5 Day Limited Load,1.5,2026-11-06,7:00 PM,2026-11-08,6:00 AM,30,listed,30,$555,page9
SF,Aztec,4 Day,4.0,2026-11-07,10:00 AM,2026-11-11,6:00 AM,20,listed,20,"$1,600",page9
SF,Tribute,1.5 Day Limited Load,1.5,2026-11-08,7:00 PM,2026-11-10,6:00 AM,30,listed,30,$555,page9
SF,Tribute,1.5 Day Limited Load,1.5,2026-11-11,7:00 PM,2026-11-13,6:00 AM,30,listed,30,$555,page9
SF,Tribute,1.5 Day Limited Load,1.5,2026-11-13,7:00 PM,2026-11-15,6:00 AM,30,listed,30,$555,page10
SF,Tribute,1.5 Day Limited Load,1.5,2026-11-15,7:00 PM,2026-11-17,6:00 AM,30,listed,30,$555,page10
SF,Tribute,1.5 Day Limited Load,1.5,2026-11-18,7:00 PM,2026-11-20,6:00 AM,30,listed,30,$555,page10
SF,Tribute,1.5 Day Limited Load,1.5,2026-11-20,7:00 PM,2026-11-22,6:00 AM,30,listed,30,$555,page10
SF,Tribute,1.5 Day Limited Load,1.5,2026-11-22,7:00 PM,2026-11-24,6:00 AM,30,listed,30,$555,page10
SF,Tribute,1.5 Day Limited Load,1.5,2026-11-27,7:00 PM,2026-11-29,6:00 AM,30,listed,30,$555,page10
SF,Tribute,1.5 Day Limited Load,1.5,2026-11-29,7:00 PM,2026-12-01,6:00 AM,30,listed,30,$555,page11
SF,Pacific Voyager,4 Day,4.0,2026-12-02,10:00 AM,2026-12-06,6:00 AM,14,listed,12,"$1,900",page11
SF,Tribute,1.5 Day Limited Load,1.5,2026-12-04,7:00 PM,2026-12-06,6:00 AM,30,listed,30,$555,page11
SF,Pacific Voyager,5 Day Freelance (Passport Required),5.0,2026-12-08,10:00 AM,2026-12-13,6:00 AM,12,listed,10,"$2,500",page11
SF,Pacific Voyager,5 Day Freelance (Passport Required),5.0,2026-12-26,9:00 AM,2026-12-31,6:00 AM,12,listed,8,"$2,500",page11
PL,Sauerfish,2.5 Day Charter,2.5,2026-09-20,9:00 PM,2026-09-23,5:00 AM,20,boat-max,,,page1
PL,New Lo-An,3 Day Charter,3.0,2026-09-21,10:00 AM,2026-09-24,6:00 AM,26,boat-max,,,page1
PL,Game Changer,2.5 Day Charter,2.5,2026-09-22,5:30 PM,2026-09-25,6:00 AM,20,boat-max,,,page1
PL,New Lo-An,3 Day Charter,3.0,2026-09-24,10:00 AM,2026-09-27,6:00 AM,26,boat-max,,,page2
PL,Game Changer,3.5 Day Charter,3.5,2026-09-25,5:30 PM,2026-09-29,6:00 AM,20,boat-max,,,page2
PL,New Lo-An,3 Day Charter,3.0,2026-09-27,10:00 AM,2026-09-30,6:00 AM,26,boat-max,,,page3
PL,Sauerfish,2.5 Day Charter,2.5,2026-09-28,9:00 PM,2026-10-01,5:00 AM,20,boat-max,,,page3
PL,Game Changer,2.5 Day Charter,2.5,2026-09-29,5:30 PM,2026-10-02,6:00 AM,20,boat-max,,,page4
PL,New Lo-An,2 Day Charter,2.0,2026-09-30,10:00 AM,2026-10-02,6:00 AM,26,boat-max,,,page4
PL,New Lo-An,3 Day Charter,3.0,2026-10-02,10:00 AM,2026-10-05,6:00 AM,26,boat-max,,,page4
PL,Game Changer,2.5 Day Charter,2.5,2026-10-02,5:30 PM,2026-10-05,6:00 AM,20,boat-max,,,page4
PL,New Lo-An,3 Day Charter,3.0,2026-10-05,10:00 AM,2026-10-08,6:00 AM,26,boat-max,,,page5
PL,Game Changer,1.5 Day Charter,1.5,2026-10-05,5:30 PM,2026-10-07,6:00 AM,20,boat-max,,,page5
PL,New Lo-An,3 Day Charter,3.0,2026-10-08,10:00 AM,2026-10-11,6:00 AM,26,boat-max,,,page6
PL,Success,1.5 Day Charter,1.5,2026-10-08,9:00 PM,2026-10-10,6:00 AM,20,boat-max,,,page6
PL,Game Changer,2.5 Day Charter,2.5,2026-10-09,5:30 PM,2026-10-12,6:00 AM,20,boat-max,,,page6
PL,Sauerfish,1.5 Day Charter,1.5,2026-10-10,9:00 PM,2026-10-12,5:00 AM,20,boat-max,,,page6
PL,New Lo-An,3 Day Charter,3.0,2026-10-11,10:00 AM,2026-10-14,6:00 AM,26,boat-max,,,page6
PL,Game Changer,3.5 Day Charter,3.5,2026-10-12,5:30 PM,2026-10-16,6:00 AM,20,boat-max,,,page6
PL,New Lo-An,2 Day,2.0,2026-10-14,10:00 AM,2026-10-16,6:00 AM,26,listed,Full,$890.10,page7
PL,New Lo-An,3 Day Charter,3.0,2026-10-16,10:00 AM,2026-10-19,6:00 AM,26,boat-max,,,page7
PL,Game Changer,3.5 Day Charter,3.5,2026-10-16,5:30 PM,2026-10-20,6:00 AM,20,boat-max,,,page7
PL,New Lo-An,3 Day Charter,3.0,2026-10-19,10:00 AM,2026-10-22,6:00 AM,26,boat-max,,,page8
PL,Game Changer,3.5 Day Charter,3.5,2026-10-20,5:30 PM,2026-10-24,6:00 AM,20,boat-max,,,page8
PL,New Lo-An,2.75 Day Charter,2.75,2026-10-22,11:00 AM,2026-10-25,6:00 AM,26,boat-max,,,page8
PL,Game Changer,2.5 Day Charter,2.5,2026-10-24,5:30 PM,2026-10-27,6:00 AM,20,boat-max,,,page9
PL,New Lo-An,2 Day,2.0,2026-10-25,10:00 AM,2026-10-27,6:00 AM,26,listed,Full,$890.10,page9
PL,New Lo-An,2 Day,2.0,2026-10-27,10:00 AM,2026-10-29,6:00 AM,25,listed,24,$890.10,page9
PL,Game Changer,2.5 Day Charter,2.5,2026-10-27,5:30 PM,2026-10-30,6:00 AM,20,boat-max,,,page9
PL,New Lo-An,2.5 Day Charter,2.5,2026-10-29,6:00 PM,2026-11-01,6:00 AM,26,boat-max,,,page10
PL,New Lo-An,2 Day,2.0,2026-11-01,10:00 AM,2026-11-03,6:00 AM,25,listed,22,$828.00,page10
PL,New Lo-An,2 Day,2.0,2026-11-04,10:00 AM,2026-11-06,6:00 AM,25,listed,25,$828.00,page10
PL,New Lo-An,3 Day,3.0,2026-11-06,10:00 AM,2026-11-09,6:00 AM,21,listed,Full,"$1,190.25",page10
PL,New Lo-An,2 Day,2.0,2026-11-09,10:00 AM,2026-11-11,6:00 AM,25,listed,25,$828.00,page11
PL,New Lo-An,2 Day,2.0,2026-11-11,10:00 AM,2026-11-13,6:00 AM,25,listed,23,$828.00,page11
PL,New Lo-An,3 Day Charter,3.0,2026-11-13,10:00 AM,2026-11-16,6:00 AM,26,boat-max,,,page11
PL,New Lo-An,2 Day,2.0,2026-11-16,10:00 AM,2026-11-18,6:00 AM,25,listed,25,$828.00,page11
PL,New Lo-An,2 Day,2.0,2026-11-18,10:00 AM,2026-11-20,6:00 AM,25,listed,25,$828.00,page12
PL,New Lo-An,3 Day Charter,3.0,2026-11-20,10:00 AM,2026-11-23,6:00 AM,26,boat-max,,,page12
PL,New Lo-An,1.5 Day Charter,1.5,2026-11-27,5:00 PM,2026-11-29,6:00 AM,26,boat-max,,,page12
PL,New Lo-An,1.5 Day,1.5,2026-12-02,6:00 PM,2026-12-04,6:00 AM,25,listed,24,$621.00,page13
PL,New Lo-An,1.5 Day,1.5,2026-12-04,6:00 PM,2026-12-06,6:00 AM,25,listed,25,$621.00,page13
PL,New Lo-An,1.5 Day,1.5,2026-12-09,6:00 PM,2026-12-11,6:00 AM,25,listed,25,$621.00,page13
PL,New Lo-An,1.5 Day,1.5,2026-12-11,6:00 PM,2026-12-13,6:00 AM,25,listed,25,$621.00,page13
PL,New Lo-An,1.5 Day,1.5,2026-12-16,6:00 PM,2026-12-18,6:00 AM,25,listed,25,$621.00,page14
PL,New Lo-An,1.5 Day,1.5,2026-12-18,6:00 PM,2026-12-20,6:00 AM,25,listed,25,$621.00,page14
PL,New Lo-An,1.5 Day,1.5,2026-12-20,6:00 PM,2026-12-22,6:00 AM,25,listed,25,$621.00,page14
PL,New Lo-An,2.5 Day Baja Coast Charter,2.5,2027-04-08,6:00 PM,2027-04-11,6:00 AM,26,boat-max,,,page15
HM,Excalibur,3 Day - Freelance,3.0,2026-09-20,10:00 AM,2026-09-23,6:00 AM,27,listed,Full,$1250,xolacache
HM,Ocean Odyssey,2.5 Day - Limited Load,2.5,2026-09-20,7:00 PM,2026-09-23,6:00 AM,25,listed,Full,$1025.0048309178744,xolacache
HM,Ranger 85,3.5 Day - Freelance,3.5,2026-09-20,7:00 PM,2026-09-24,6:00 AM,20,listed,Full,$1700,xolacache
HM,Sea Adventure 80,2 Day - Freelance,2.0,2026-09-21,10:00 AM,2026-09-23,5:00 AM,28,listed,25,$780,xolacache
HM,Legend,3 Day - Freelance,3.0,2026-09-21,10:00 AM,2026-09-24,6:00 AM,29,listed,Full,$1220,xolacache
HM,Top Gun 80,2 Day - Limited Load,2.0,2026-09-21,10:00 AM,2026-09-23,6:00 AM,25,listed,Full,$810,xolacache
HM,Excalibur,2 Day - Freelance,2.0,2026-09-23,10:00 AM,2026-09-25,6:00 AM,27,listed,12,$820.0000000000001,xolacache
HM,Sea Adventure 80,2 Day - Freelance,2.0,2026-09-23,10:00 AM,2026-09-25,5:00 AM,28,listed,24,$780,xolacache
HM,Top Gun 80,3 Day - Limited Load,3.0,2026-09-23,10:00 AM,2026-09-26,6:00 AM,18,listed,Full,$1650,xolacache
HM,Legend,3 Day - Freelance,3.0,2026-09-24,10:00 AM,2026-09-27,6:00 AM,26,listed,24,$1220,xolacache
HM,Ranger 85,3 Day - Freelance,3.0,2026-09-24,10:00 AM,2026-09-27,6:00 AM,25,listed,Full,$1200,xolacache
HM,Sea Adventure 80,3 Day - Freelance,3.0,2026-09-25,10:00 AM,2026-09-28,5:00 AM,28,listed,Full,$1200,xolacache
HM,Legend,2 Day - Freelance,2.0,2026-09-27,10:00 AM,2026-09-29,6:00 AM,29,listed,Full,$810,xolacache
HM,Ranger 85,2.5 Day - Freelance,2.5,2026-09-27,7:00 PM,2026-09-30,6:00 AM,22,listed,6,$1275.0048309178744,xolacache
HM,Sea Adventure 80,2 Day - Freelance,2.0,2026-09-28,10:00 AM,2026-09-30,5:00 AM,28,listed,26,$780,xolacache
HM,Excalibur,2.5 Day - Freelance,2.5,2026-09-28,6:00 PM,2026-10-01,6:00 AM,27,listed,25,$1050,xolacache
HM,Relentless,1.5 Day - Freelance,1.5,2026-09-28,8:00 PM,2026-09-30,6:00 AM,20,listed,13,$495.0048309178745,xolacache
HM,Legend,3 Day - Freelance,3.0,2026-09-29,10:00 AM,2026-10-02,6:00 AM,26,listed,12,$1220,xolacache
HM,Ranger 85,2 Day - Freelance,2.0,2026-09-30,10:00 AM,2026-10-02,6:00 AM,28,listed,24,$800,xolacache
HM,Excalibur,3.5 Day - Freelance,3.5,2026-10-01,6:00 PM,2026-10-05,6:00 AM,25,listed,18,$1450,xolacache
HM,Ranger 85,2 Day - Freelance,2.0,2026-10-02,10:00 AM,2026-10-04,6:00 AM,20,listed,Full,$1020.0000000000001,xolacache
HM,Ranger 85,2 Day - Freelance,2.0,2026-10-04,10:00 AM,2026-10-06,6:00 AM,22,listed,22,$1020.0000000000001,xolacache
HM,Sea Adventure 80,3 Day - Freelance,3.0,2026-10-04,10:00 AM,2026-10-07,5:00 AM,28,listed,28,$1200,xolacache
HM,Producer,1.5 Day - Limited Load,1.5,2026-10-04,7:00 PM,2026-10-06,7:00 AM,25,listed,23,$600,xolacache
HM,Excalibur,3 Day - Freelance,3.0,2026-10-05,10:00 AM,2026-10-08,6:00 AM,27,listed,17,$1250,xolacache
HM,Ocean Odyssey,2.5 Day - Limited Load,2.5,2026-10-05,7:00 PM,2026-10-08,6:00 AM,25,listed,19,$1015.0048309178743,xolacache
HM,Ranger 85,1.5 Day - Freelance,1.5,2026-10-06,7:00 PM,2026-10-08,6:00 AM,28,listed,16,$600,xolacache
HM,Sea Adventure 80,2 Day - Freelance,2.0,2026-10-07,10:00 AM,2026-10-09,5:00 AM,28,listed,28,$780,xolacache
HM,Ranger 85,1.5 Day - Freelance,1.5,2026-10-08,7:00 PM,2026-10-10,6:00 AM,28,listed,28,$600,xolacache
HM,Sea Adventure 80,2 Day - Freelance,2.0,2026-10-09,10:00 AM,2026-10-11,5:00 AM,28,listed,18,$780,xolacache
HM,Ranger 85,3.5 Day - Freelance,3.5,2026-10-10,7:00 PM,2026-10-14,6:00 AM,25,listed,Full,$1400,xolacache
HM,Sea Adventure 80,2 Day - Freelance,2.0,2026-10-11,10:00 AM,2026-10-13,5:00 AM,28,listed,27,$780,xolacache
HM,Ocean Odyssey,1.5 Day - Freelance,1.5,2026-10-11,7:00 PM,2026-10-13,6:00 AM,29,listed,Full,$560,xolacache
HM,Vision,Lobster - 3.5 Day Dive Trip,3.5,2026-10-11,7:00 PM,2026-10-15,7:00 AM,26,listed,15,$1550,xolacache
HM,Excalibur,1.5 Day - Freelance,1.5,2026-10-11,8:00 PM,2026-10-13,8:00 AM,27,listed,25,$615.0048309178744,xolacache
HM,Top Gun 80,2 Day - Limited Load,2.0,2026-10-12,10:00 AM,2026-10-14,6:00 AM,25,listed,8,$810,xolacache
HM,Sea Adventure 80,2 Day - Freelance,2.0,2026-10-13,10:00 AM,2026-10-15,5:00 AM,28,listed,28,$780,xolacache
HM,Top Gun 80,2 Day - Limited Load,2.0,2026-10-14,10:00 AM,2026-10-16,6:00 AM,25,listed,19,$810,xolacache
HM,Ocean Odyssey,1.5 Day - Freelance,1.5,2026-10-14,7:00 PM,2026-10-16,6:00 AM,29,listed,Full,$560,xolacache
HM,Sea Adventure 80,4 Day - Limited Load,4.0,2026-10-15,10:00 AM,2026-10-19,5:00 AM,24,listed,24,$1500,xolacache
HM,Excalibur,3 Day - Freelance,3.0,2026-10-15,10:00 AM,2026-10-18,6:00 AM,27,listed,Full,$1250,xolacache
HM,Horizon,2.5 Day - Freelance,2.5,2026-10-15,7:00 PM,2026-10-18,6:00 AM,25,listed,1,$929.9999999999999,xolacache
HM,Vision,Lobster - 2.5 Day Dive Trip,2.5,2026-10-15,7:00 PM,2026-10-18,7:00 AM,28,listed,12,$1025.0048309178744,xolacache
HM,Old Glory,1.5 Day - Freelance,1.5,2026-10-16,6:00 PM,2026-10-18,6:00 AM,29,listed,Full,$489.99999999999994,xolacache
HM,Ocean Odyssey,2.5 Day - Limited Load,2.5,2026-10-16,7:00 PM,2026-10-19,6:00 AM,25,listed,Full,$1025.0048309178744,xolacache
HM,Excalibur,2 Day - Freelance,2.0,2026-10-18,10:00 AM,2026-10-20,6:00 AM,27,listed,27,$820.0000000000001,xolacache
HM,Old Glory,1.5 Day - Freelance,1.5,2026-10-18,6:00 PM,2026-10-20,6:00 AM,29,listed,29,$489.99999999999994,xolacache
HM,Horizon,1.5 Day - Freelance,1.5,2026-10-18,7:00 PM,2026-10-20,6:00 AM,27,listed,18,$530,xolacache
HM,Sea Adventure 80,2 Day - Freelance,2.0,2026-10-19,10:00 AM,2026-10-21,5:00 AM,28,listed,28,$780,xolacache
HM,Legend,3 Day - Freelance,3.0,2026-10-19,10:00 AM,2026-10-22,6:00 AM,26,listed,26,$1220,xolacache
HM,Old Glory,1.5 Day - Freelance,1.5,2026-10-20,6:00 PM,2026-10-22,6:00 AM,29,listed,29,$489.99999999999994,xolacache
HM,Horizon,1.5 Day - Freelance,1.5,2026-10-20,7:00 PM,2026-10-22,6:00 AM,27,listed,25,$530,xolacache
HM,Sea Adventure 80,2 Day - Freelance,2.0,2026-10-21,10:00 AM,2026-10-23,5:00 AM,28,listed,28,$780,xolacache
HM,Ranger 85,3.5 Day - Freelance,3.5,2026-10-21,7:00 PM,2026-10-25,6:00 AM,20,listed,3,$1700,xolacache
HM,Sea Adventure 80,3 Day - Freelance,3.0,2026-10-23,10:00 AM,2026-10-26,5:00 AM,28,listed,28,$1200,xolacache
HM,Ocean Odyssey,1.5 Day - Freelance,1.5,2026-10-23,7:00 PM,2026-10-25,6:00 AM,29,listed,29,$560,xolacache
HM,Legend,2 Day - Freelance,2.0,2026-10-25,10:00 AM,2026-10-27,6:00 AM,27,listed,23,$810,xolacache
HM,Ocean Odyssey,1.5 Day - Freelance,1.5,2026-10-25,7:00 PM,2026-10-27,6:00 AM,29,listed,29,$560,xolacache
HM,Sea Adventure 80,2 Day - Freelance,2.0,2026-10-26,10:00 AM,2026-10-28,5:00 AM,28,listed,28,$780,xolacache
HM,Old Glory,1.5 Day - Freelance,1.5,2026-10-26,6:00 PM,2026-10-28,6:00 AM,29,listed,29,$489.99999999999994,xolacache
HM,Legend,2 Day - Freelance,2.0,2026-10-27,10:00 AM,2026-10-29,6:00 AM,27,listed,27,$810,xolacache
HM,Sea Adventure 80,2 Day - Freelance,2.0,2026-10-28,10:00 AM,2026-10-30,5:00 AM,28,listed,28,$780,xolacache
HM,Old Glory,1.5 Day - Freelance,1.5,2026-10-28,6:00 PM,2026-10-30,6:00 AM,29,listed,29,$489.99999999999994,xolacache
HM,Ocean Odyssey,1.5 Day - Freelance,1.5,2026-10-28,7:00 PM,2026-10-30,6:00 AM,29,listed,16,$560,xolacache
HM,Top Gun 80,3 Day - Limited Load,3.0,2026-10-29,10:00 AM,2026-11-01,6:00 AM,25,listed,25,$1230,xolacache
HM,Legend,3 Day - Freelance,3.0,2026-10-29,10:00 AM,2026-11-01,6:00 AM,24,listed,24,$1220,xolacache
HM,Old Glory,1.5 Day - Freelance,1.5,2026-10-30,6:00 PM,2026-11-01,6:00 AM,29,listed,29,$489.99999999999994,xolacache
HM,Ocean Odyssey,1.5 Day - Freelance,1.5,2026-10-30,7:00 PM,2026-11-01,6:00 AM,29,listed,23,$570,xolacache
HM,Legend,2 Day - Freelance,2.0,2026-11-01,10:00 AM,2026-11-03,6:00 AM,27,listed,27,$810,xolacache
HM,Top Gun 80,3 Day - Limited Load,3.0,2026-11-01,10:00 AM,2026-11-04,6:00 AM,25,listed,25,$1230,xolacache
HM,Sea Adventure 80,2 Day - Freelance,2.0,2026-11-01,10:00 AM,2026-11-03,5:00 AM,28,listed,26,$720,xolacache
HM,Old Glory,1.5 Day - Freelance,1.5,2026-11-01,6:00 PM,2026-11-03,6:00 AM,29,listed,29,$489.99999999999994,xolacache
HM,Ocean Odyssey,1.5 Day - Freelance,1.5,2026-11-01,7:00 PM,2026-11-03,6:00 AM,29,listed,29,$535.0048309178744,xolacache
HM,Legend,2 Day - Freelance,2.0,2026-11-03,10:00 AM,2026-11-05,6:00 AM,27,listed,27,$810,xolacache
HM,Sea Adventure 80,2 Day - Freelance,2.0,2026-11-03,10:00 AM,2026-11-05,5:00 AM,28,listed,22,$720,xolacache
HM,Old Glory,1.5 Day - Freelance,1.5,2026-11-03,6:00 PM,2026-11-05,6:00 AM,29,listed,29,$489.99999999999994,xolacache
HM,Ocean Odyssey,1.5 Day - Freelance,1.5,2026-11-04,7:00 PM,2026-11-06,6:00 AM,29,listed,29,$535.0048309178744,xolacache
HM,Legend,3 Day - Freelance,3.0,2026-11-05,10:00 AM,2026-11-08,6:00 AM,24,listed,24,$1220,xolacache
HM,Sea Adventure 80,3 Day - Freelance,3.0,2026-11-05,10:00 AM,2026-11-08,5:00 AM,28,listed,28,$1200,xolacache
HM,Old Glory,1.5 Day - Freelance,1.5,2026-11-05,6:00 PM,2026-11-07,6:00 AM,29,listed,29,$489.99999999999994,xolacache
HM,Producer,2 Day - Freelance,2.0,2026-11-06,10:00 AM,2026-11-08,6:00 AM,25,listed,13,$700,xolacache
HM,Ocean Odyssey,1.5 Day - Freelance,1.5,2026-11-06,7:00 PM,2026-11-08,6:00 AM,29,listed,29,$545.0048309178744,xolacache
HM,Old Glory,1.5 Day - Freelance,1.5,2026-11-07,6:00 PM,2026-11-09,6:00 AM,29,listed,29,$489.99999999999994,xolacache
HM,Legend,2 Day - Freelance,2.0,2026-11-08,10:00 AM,2026-11-10,6:00 AM,27,listed,25,$720,xolacache
HM,Sea Adventure 80,2 Day - Freelance,2.0,2026-11-08,10:00 AM,2026-11-10,5:00 AM,28,listed,28,$720,xolacache
HM,Ocean Odyssey,1.5 Day - Freelance,1.5,2026-11-08,7:00 PM,2026-11-10,6:00 AM,29,listed,29,$535.0048309178744,xolacache
HM,Old Glory,1.5 Day - Freelance,1.5,2026-11-09,6:00 PM,2026-11-11,6:00 AM,29,listed,29,$489.99999999999994,xolacache
HM,Sea Adventure 80,2 Day - Freelance,2.0,2026-11-10,10:00 AM,2026-11-12,5:00 AM,28,listed,28,$720,xolacache
HM,Legend,2 Day - Freelance,2.0,2026-11-10,10:00 AM,2026-11-12,6:00 AM,25,listed,25,$720,xolacache
HM,Ocean Odyssey,1.5 Day - Freelance,1.5,2026-11-10,7:00 PM,2026-11-12,6:00 AM,29,listed,29,$535.0048309178744,xolacache
HM,Old Glory,1.5 Day - Freelance,1.5,2026-11-11,6:00 PM,2026-11-13,6:00 AM,29,listed,29,$489.99999999999994,xolacache
HM,Sea Adventure 80,2 Day - Freelance,2.0,2026-11-12,10:00 AM,2026-11-14,5:00 AM,28,listed,28,$720,xolacache
HM,Legend,3 Day - Freelance,3.0,2026-11-12,10:00 AM,2026-11-15,6:00 AM,24,listed,4,$1050,xolacache
HM,Old Glory,1.5 Day - Freelance,1.5,2026-11-13,6:00 PM,2026-11-15,6:00 AM,29,listed,29,$489.99999999999994,xolacache
HM,Ocean Odyssey,1.5 Day - Freelance,1.5,2026-11-13,7:00 PM,2026-11-15,6:00 AM,29,listed,29,$545.0048309178744,xolacache
HM,Sea Adventure 80,2 Day - Freelance,2.0,2026-11-14,10:00 AM,2026-11-16,5:00 AM,28,listed,28,$720,xolacache
HM,Legend,2 Day - Freelance,2.0,2026-11-15,10:00 AM,2026-11-17,6:00 AM,25,listed,25,$720,xolacache
HM,Old Glory,1.5 Day - Freelance,1.5,2026-11-15,6:00 PM,2026-11-17,6:00 AM,29,listed,29,$489.99999999999994,xolacache
HM,Sea Adventure 80,3 Day - Freelance,3.0,2026-11-16,10:00 AM,2026-11-19,5:00 AM,28,listed,28,$1200,xolacache
HM,Old Glory,1.5 Day - Freelance,1.5,2026-11-17,6:00 PM,2026-11-19,6:00 AM,29,listed,29,$489.99999999999994,xolacache
HM,Legend,1.5 Day - Freelance,1.5,2026-11-17,6:00 PM,2026-11-19,6:00 AM,25,listed,25,$525.0048309178743,xolacache
HM,Sea Adventure 80,3 Day - Freelance,3.0,2026-11-19,10:00 AM,2026-11-22,5:00 AM,28,listed,28,$1200,xolacache
HM,Legend,2.5 Day - Freelance,2.5,2026-11-19,6:00 PM,2026-11-22,6:00 AM,25,listed,24,$875.0048309178744,xolacache
HM,Old Glory,1.5 Day - Freelance,1.5,2026-11-19,6:00 PM,2026-11-21,6:00 AM,29,listed,29,$489.99999999999994,xolacache
HM,Old Glory,1.5 Day - Freelance,1.5,2026-11-21,6:00 PM,2026-11-23,6:00 AM,29,listed,29,$489.99999999999994,xolacache
HM,Sea Adventure 80,2 Day - Freelance,2.0,2026-11-22,10:00 AM,2026-11-24,5:00 AM,28,listed,28,$720,xolacache
HM,Legend,1.5 Day - Freelance,1.5,2026-11-22,6:00 PM,2026-11-24,6:00 AM,25,listed,25,$525.0048309178743,xolacache
HM,Old Glory,1.5 Day - Freelance,1.5,2026-11-23,6:00 PM,2026-11-25,6:00 AM,29,listed,29,$489.99999999999994,xolacache
HM,Legend,1.5 Day - Freelance,1.5,2026-11-24,6:00 PM,2026-11-26,6:00 AM,25,listed,25,$525.0048309178743,xolacache
HM,Sea Adventure 80,3 Day - Freelance,3.0,2026-11-27,10:00 AM,2026-11-30,5:00 AM,28,listed,28,$1200,xolacache
HM,Legend,2 Day - Freelance,2.0,2026-11-27,10:00 AM,2026-11-29,6:00 AM,25,listed,25,$720,xolacache
HM,Vision,Lobster - 3.5 Day Dive Trip,3.5,2027-11-01,7:00 PM,2027-11-05,7:00 AM,30,listed,30,$1550,xolacache
FL,Pacific Queen,3.5 Day,3.5,2026-09-16,5:00 PM,2026-09-20,7:00 AM,33,listed,Chartered,,carried
FL,Islander,3.5 Day,3.5,2026-09-16,7:00 PM,2026-09-20,7:00 AM,28,listed,Chartered,,carried
FL,Pacific Dawn,2.5 Day Limited Load,2.5,2026-09-17,6:00 PM,2026-09-20,6:00 AM,16,listed,Full,$1242,carried
FL,Pegasus,2 Day,2.0,2026-09-18,10:00 AM,2026-09-20,6:00 AM,18,listed,Chartered,,carried
FL,Poseidon,3 Day,3.0,2026-09-18,11:00 AM,2026-09-21,6:00 AM,25,listed,Chartered,,carried
FL,Constitution,2 Day Limited Load,2.0,2026-09-18,11:00 AM,2026-09-20,6:00 AM,21,listed,Full,$931.50,carried
FL,Tomahawk,2 Day,2.0,2026-09-18,11:00 AM,2026-09-20,6:00 AM,29,listed,Full,$771.08,carried
FL,Fortune,1.5 Day,1.5,2026-09-19,7:00 PM,2026-09-21,6:00 AM,21,listed,5,$605.48,carried
SF,Outer Limits,2.5 Day Limited Load,2.5,2026-09-18,9:00 PM,2026-09-21,6:00 AM,20,listed,8,"$1,100",carried
PL,Sauerfish,2.5 Day Charter,2.5,2026-09-17,9:00 PM,2026-09-20,5:00 AM,20,listed,,,carried
PL,New Lo-An,3 Day Charter,3.0,2026-09-18,10:00 AM,2026-09-21,6:00 AM,26,listed,,,carried
PL,Success,3.5 Day Charter,3.5,2026-09-18,9:00 PM,2026-09-22,6:00 AM,20,listed,,,carried
PL,Game Changer,2.5 Day Charter,2.5,2026-09-19,5:30 PM,2026-09-22,6:00 AM,20,listed,,,carried
HM,Excalibur,3 Day - Freelance,3.0,2026-09-17,10:00 AM,2026-09-20,6:00 AM,27,listed,Full,$1250,carried
